"Month","Average"
"01",8.98064516129032
"02",10.2107142857143
"03",11.0870967741935
"04",14.2133333333333
"05",17.9354838709677
"06",24.5766666666667
"07",21.6129032258065
"08",22.1548387096774
"09",23.81
"10",17.5709677419355
"11",11.2633333333333
"12",10.5451612903226
